Name,MC_USD_Billion,MC_GBP_Billion,MC_EUR_Billion,MC_INR_Billion
JPMorgan Chase,899.955,719.96,836.96,74651.27
Bank of America,391.8,313.44,364.37,32499.81
China Construction Bank,379.1,303.28,352.56,31446.34
Industrial and Commercial Bank of China,374.78999999999996,299.83,348.55,31088.83
Agricultural Bank of China,354.655,283.72,329.83,29418.63
HSBC,342.84000000000003,274.27,318.84,28438.58
Morgan Stanley,308.33,246.66,286.75,25575.97
Bank of China,305.14,244.11,283.78,25311.36
Royal Bank of Canada,275.945,220.76,256.63,22889.64
Goldman Sachs,268.835,215.07,250.02,22299.86
